,0,1,2,3,4,5,6,7,8,9,10,11,12,13,14,15,16,17,18,19,20,21,22,23,24,25,26,27,28,29,30,31,32,33,34,35,36,37,38,39,40,41,42,43,44,45,46,47,48,49
0,2860,2881,2834,2822,2819,2858,2865,2835,2893,3102,2830,2844,2851,2841,2830,2815,2824,2838,2854,2890,2824,2912,2831,2821,2892,2848,2860,2824,4019,2899,2859,2912,2824,2828,2821,2828,2813,2841,2836,2809,2840,2835,2844,2848,2828,2823,2800,2842,2866,2818
1,2755,2778,2737,2721,2717,2757,2773,2738,2790,3022,2731,2744,2746,2742,2728,2717,2726,2737,2756,2791,2727,2814,2731,2720,2799,2755,2764,2729,4019,2796,2758,2819,2725,2734,2723,2727,2712,2742,2734,2711,2738,2729,2742,2743,2727,2723,2700,2740,2765,2716
2,2850,2858,2821,2810,2803,2847,2858,2823,2867,3101,2813,2832,2832,2832,2818,2805,2815,2829,2840,2884,2823,2900,2817,2806,2885,2847,2855,2819,4019,2880,2848,2904,2816,2824,2808,2816,2799,2830,2822,2796,2830,2820,2831,2834,2817,2806,2784,2830,2853,2805
3,2796,2807,2772,2759,2756,2796,2807,2774,2797,3051,2760,2781,2779,2782,2760,2750,2763,2776,2790,2835,2773,2850,2772,2762,2835,2801,2803,2773,4019,2825,2798,2851,2764,2775,2765,2762,2751,2779,2772,2745,2781,2764,2779,2781,2765,2752,2738,2773,2798,2752
4,2735,2751,2719,2701,2700,2735,2744,2714,2723,2990,2698,2722,2721,2725,2699,2696,2706,2713,2729,2781,2727,2784,2712,2704,2783,2741,2741,2722,4019,2760,2740,2789,2708,2722,2704,2705,2693,2718,2708,2686,2722,2701,2720,2727,2707,2695,2682,2715,2733,2695
5,2733,2748,2722,2696,2697,2733,2744,2713,2713,2970,2695,2722,2716,2721,2691,2689,2703,2710,2729,2784,2733,2782,2712,2703,2782,2735,2740,2723,4019,2758,2737,2784,2702,2719,2704,2704,2694,2711,2704,2683,2722,2695,2717,2734,2711,2689,2687,2712,2731,2687
6,2768,2786,2759,2732,2736,2770,2786,2752,2740,2977,2732,2760,2750,2758,2734,2724,2743,2745,2761,2820,2774,2819,2750,2737,2815,2766,2777,2762,4019,2792,2771,2813,2741,2755,2738,2739,2729,2745,2737,2721,2760,2732,2753,2801,2750,2730,2725,2748,2762,2722
7,2793,2812,2786,2759,2768,2794,2806,2777,2771,2979,2757,2781,2774,2776,2760,2749,2764,2766,2790,2852,2799,2846,2777,2764,2834,2779,2803,2791,4019,2816,2797,2833,2766,2784,2761,2766,2756,2766,2761,2747,2783,2757,2778,2854,2773,2753,2763,2769,2786,2748
8,2882,2895,2871,2847,2856,2881,2892,2866,2859,3037,2846,2873,2857,2860,2846,2842,2855,2854,2877,2936,2885,2932,2863,2849,2921,2860,2892,2877,4019,2898,2883,2916,2849,2875,2850,2855,2848,2850,2858,2840,2871,2845,2868,2972,2862,2849,2853,2859,2865,2840
9,2879,2887,2871,2847,2850,2879,2890,2862,2859,3024,2840,2873,2851,2860,2844,2844,2855,2858,2880,2937,2885,2930,2863,2845,2919,2856,2895,2876,4019,2893,2880,2912,2849,2879,2852,2851,2845,2845,2854,2840,2875,2842,2864,2996,2862,2845,2852,2854,2865,2838
10,2910,2919,2900,2880,2881,2907,2919,2892,2891,3042,2866,2900,2884,2894,2874,2877,2880,2888,2905,2964,2909,2950,2895,2878,2943,2885,2921,2909,4019,2921,2910,2937,2879,2904,2878,2884,2879,2876,2888,2871,2906,2871,2892,3049,2894,2872,2880,2892,2897,2868
11,2788,2801,2787,2760,2762,2791,2803,2773,2783,2926,2749,2781,2765,2781,2761,2755,2759,2768,2785,2857,2792,2838,2777,2762,2827,2774,2817,2800,4019,2799,2792,2826,2758,2788,2761,2769,2760,2757,2774,2757,2787,2751,2778,2979,2777,2751,2759,2771,2778,2750
12,2848,2854,2841,2824,2820,2845,2863,2831,2845,2964,2804,2841,2817,2846,2823,2813,2812,2836,2845,2912,2848,2888,2839,2817,2885,2835,2875,2863,4019,2850,2847,2873,2821,2851,2820,2830,2821,2818,2829,2817,2841,2805,2828,3058,2832,2810,2809,2830,2831,2812
13,2840,2848,2833,2822,2810,2837,2861,2821,2831,2945,2800,2835,2810,2842,2819,2809,2805,2830,2833,2904,2838,2876,2832,2810,2879,2828,2870,2863,4019,2843,2837,2865,2813,2847,2811,2827,2810,2814,2825,2810,2835,2796,2825,3071,2834,2806,2799,2825,2824,2809
14,2872,2871,2865,2852,2848,2865,2885,2847,2858,2961,2826,2864,2842,2876,2851,2842,2835,2862,2860,2932,2870,2902,2861,2838,2913,2860,2902,2896,4019,2874,2865,2888,2844,2887,2842,2859,2839,2839,2853,2841,2868,2830,2854,3120,2863,2832,2827,2857,2852,2841
15,2929,2929,2922,2916,2909,2922,2944,2906,2914,3004,2886,2922,2896,2927,2907,2901,2892,2924,2916,2981,2934,2960,2919,2900,2962,2917,2959,2957,4019,2929,2925,2943,2906,2951,2906,2924,2900,2902,2905,2901,2927,2889,2907,3175,2923,2892,2887,2914,2911,2901
16,2819,2809,2808,2798,2787,2808,2833,2787,2791,2887,2766,2804,2776,2809,2787,2779,2769,2805,2801,2867,2824,2842,2804,2776,2843,2796,2850,2849,4019,2809,2805,2825,2790,2839,2785,2813,2781,2785,2787,2785,2808,2764,2785,3074,2812,2769,2770,2799,2791,2781
17,2818,2805,2805,2793,2785,2799,2822,2780,2792,2870,2765,2801,2775,2805,2783,2780,2770,2805,2795,2862,2833,2841,2801,2773,2843,2786,2852,2849,4019,2809,2799,2821,2787,2838,2782,2812,2782,2780,2782,2781,2804,2760,2785,3058,2812,2763,2769,2796,2789,2781
18,2854,2840,2845,2824,2826,2821,2854,2804,2825,2889,2802,2836,2789,2836,2815,2800,2810,2840,2827,2905,2876,2872,2835,2795,2884,2821,2886,2883,4019,2841,2820,2855,2822,2880,2816,2854,2803,2810,2817,2801,2826,2784,2820,3071,2847,2799,2816,2831,2818,2817
19,2815,2802,2806,2781,2787,2781,2814,2769,2784,2843,2764,2797,2752,2794,2774,2762,2772,2797,2792,2874,2844,2832,2796,2753,2848,2779,2849,2844,4019,2798,2786,2817,2783,2845,2782,2818,2762,2768,2782,2767,2789,2747,2783,3018,2809,2760,2780,2787,2776,2772
20,2878,2858,2867,2847,2852,2846,2877,2832,2850,2904,2832,2854,2819,2857,2837,2823,2838,2859,2850,2933,2908,2888,2853,2819,2901,2842,2911,2904,4019,2866,2851,2877,2849,2902,2841,2879,2828,2829,2842,2833,2852,2812,2845,3051,2870,2825,2842,2849,2842,2840
21,2736,2716,2730,2705,2713,2704,2731,2686,2717,2762,2687,2719,2675,2716,2696,2683,2696,2717,2715,2808,2780,2742,2711,2675,2758,2706,2778,2768,4019,2720,2707,2735,2708,2763,2696,2744,2684,2685,2705,2684,2710,2668,2700,2914,2727,2687,2704,2704,2702,2691
22,2758,2733,2745,2729,2737,2728,2757,2715,2738,2785,2707,2738,2697,2736,2724,2706,2713,2739,2736,2821,2802,2755,2733,2699,2772,2733,2800,2789,4019,2744,2727,2758,2729,2789,2724,2773,2707,2710,2730,2710,2733,2693,2727,2907,2757,2712,2725,2726,2721,2715
23,2847,2818,2841,2820,2828,2810,2842,2793,2826,2878,2799,2826,2785,2827,2816,2794,2805,2830,2831,2904,2884,2839,2826,2785,2849,2826,2891,2877,4019,2832,2813,2844,2826,2879,2804,2861,2793,2797,2824,2794,2818,2774,2816,2972,2848,2805,2819,2817,2815,2806
24,2879,2845,2873,2857,2865,2857,2878,2836,2856,2909,2831,2857,2842,2856,2848,2819,2834,2868,2862,2928,2914,2865,2858,2817,2884,2862,2922,2913,4019,2862,2847,2867,2860,2911,2841,2894,2836,2833,2856,2827,2857,2827,2850,2985,2887,2840,2851,2847,2847,2839
25,2713,2679,2717,2708,2702,2702,2715,2680,2693,2742,2666,2693,2682,2690,2689,2663,2668,2707,2698,2766,2755,2702,2691,2662,2716,2694,2763,2762,4019,2696,2683,2705,2694,2759,2676,2730,2674,2670,2688,2667,2702,2666,2682,2827,2732,2677,2678,2687,2682,2669
26,2829,2787,2827,2828,2817,2811,2831,2796,2809,2856,2783,2809,2791,2805,2804,2770,2783,2822,2810,2874,2865,2820,2803,2772,2825,2803,2881,2877,4019,2811,2796,2816,2810,2871,2788,2848,2791,2785,2805,2779,2816,2782,2796,2921,2844,2789,2789,2797,2798,2778
27,2832,2789,2834,2832,2816,2811,2830,2795,2821,2856,2782,2810,2793,2808,2805,2777,2783,2829,2809,2873,2868,2828,2808,2776,2833,2803,2885,2887,4019,2813,2802,2819,2815,2876,2794,2855,2792,2784,2803,2782,2823,2781,2801,2915,2850,2794,2792,2807,2800,2785
28,2884,2841,2881,2879,2859,2863,2879,2847,2875,2902,2835,2859,2839,2856,2860,2826,2842,2876,2857,2921,2915,2888,2859,2823,2884,2851,2929,2938,4019,2865,2855,2870,2863,2925,2844,2906,2843,2837,2855,2836,2876,2834,2856,2948,2905,2839,2840,2858,2850,2836
29,2770,2721,2771,2767,2749,2758,2762,2736,2762,2785,2725,2745,2727,2747,2749,2711,2731,2764,2740,2811,2815,2777,2745,2710,2778,2737,2830,2843,4019,2752,2747,2758,2751,2830,2734,2801,2732,2727,2741,2717,2769,2718,2739,2828,2797,2727,2729,2745,2735,2728
30,2823,2777,2825,2821,2807,2806,2812,2791,2814,2834,2781,2797,2777,2799,2809,2760,2790,2819,2786,2861,2870,2827,2797,2766,2826,2791,2876,2892,4019,2807,2796,2808,2804,2877,2789,2853,2789,2773,2793,2769,2831,2772,2792,2861,2850,2781,2781,2793,2784,2783
31,2754,2708,2755,2753,2732,2738,2743,2723,2744,2765,2715,2730,2706,2730,2754,2694,2721,2748,2715,2794,2805,2755,2728,2693,2757,2718,2811,2830,4019,2740,2731,2739,2731,2813,2717,2789,2719,2701,2721,2699,2760,2702,2721,2780,2779,2708,2718,2728,2717,2711
32,2858,2815,2860,2862,2841,2844,2848,2833,2858,2869,2821,2840,2814,2840,2889,2797,2832,2856,2821,2902,2920,2859,2841,2800,2859,2829,2913,2934,4019,2852,2844,2840,2839,2917,2822,2904,2831,2811,2826,2806,2874,2805,2826,2870,2890,2818,2833,2832,2823,2817
33,2780,2738,2780,2781,2764,2763,2768,2763,2779,2789,2748,2765,2737,2764,2843,2716,2751,2777,2744,2821,2853,2778,2765,2715,2778,2748,2843,2860,4019,2772,2763,2765,2757,2841,2743,2826,2750,2732,2750,2731,2802,2727,2749,2788,2810,2740,2761,2752,2743,2744
34,2885,2842,2882,2884,2872,2871,2868,2871,2880,2890,2851,2864,2840,2863,2969,2824,2859,2872,2847,2923,2947,2880,2870,2824,2880,2848,2935,2954,4018,2876,2868,2866,2862,2940,2844,2927,2858,2840,2856,2838,2903,2833,2856,2884,2914,2844,2868,2857,2845,2854
35,2832,2792,2829,2833,2826,2818,2815,2825,2827,2835,2796,2808,2785,2810,2956,2767,2802,2822,2797,2869,2895,2817,2809,2766,2818,2792,2887,2912,4019,2823,2814,2807,2806,2893,2792,2884,2811,2784,2802,2782,2859,2779,2801,2826,2863,2794,2819,2802,2794,2805
36,2753,2719,2748,2760,2749,2745,2736,2750,2749,2755,2721,2736,2710,2734,2924,2694,2721,2747,2722,2795,2823,2740,2735,2697,2740,2715,2818,2842,4018,2737,2733,2730,2732,2817,2709,2810,2733,2712,2727,2707,2782,2707,2722,2746,2790,2719,2742,2725,2722,2726
37,2765,2731,2764,2778,2767,2758,2752,2768,2772,2769,2730,2747,2722,2746,2968,2705,2728,2752,2735,2811,2832,2754,2754,2709,2747,2728,2827,2855,4018,2756,2746,2747,2746,2828,2721,2827,2748,2718,2739,2716,2800,2717,2736,2759,2807,2735,2751,2743,2737,2737
38,2880,2847,2874,2886,2874,2870,2864,2881,2879,2880,2841,2858,2834,2859,3082,2822,2845,2864,2851,2916,2929,2865,2864,2821,2857,2838,2930,2954,4019,2860,2862,2854,2854,2931,2834,2928,2861,2833,2850,2830,2909,2831,2851,2872,2916,2851,2865,2855,2851,2853
39,2806,2770,2805,2812,2802,2798,2787,2814,2811,2805,2773,2782,2757,2783,3042,2751,2775,2791,2774,2851,2862,2784,2791,2748,2781,2763,2863,2887,4018,2784,2791,2784,2783,2863,2759,2864,2797,2757,2776,2761,2847,2762,2773,2798,2850,2774,2791,2784,2782,2778
40,2904,2868,2898,2908,2895,2892,2881,2911,2902,2896,2867,2884,2856,2878,3129,2851,2874,2885,2871,2938,2947,2882,2883,2844,2881,2864,2944,2968,4018,2882,2884,2881,2883,2955,2858,2955,2896,2859,2875,2854,2935,2854,2871,2893,2938,2868,2886,2884,2876,2872
41,2852,2817,2848,2857,2842,2840,2831,2865,2852,2845,2816,2839,2799,2826,3085,2798,2819,2835,2819,2889,2898,2823,2832,2793,2831,2811,2892,2920,4019,2830,2837,2832,2828,2904,2806,2907,2848,2804,2823,2801,2888,2807,2812,2840,2892,2814,2833,2834,2826,2821
42,2872,2839,2869,2874,2860,2858,2845,2889,2870,2865,2837,2872,2820,2845,3099,2819,2842,2854,2848,2903,2919,2846,2854,2813,2850,2832,2912,2937,4018,2856,2858,2851,2849,2918,2824,2927,2871,2821,2840,2820,2914,2825,2832,2858,2910,2834,2851,2849,2846,2844
43,2800,2768,2796,2804,2787,2792,2777,2831,2803,2795,2767,2825,2745,2781,3036,2751,2772,2785,2798,2836,2857,2783,2784,2741,2781,2764,2852,2873,4018,2790,2787,2784,2779,2856,2755,2869,2803,2752,2770,2753,2853,2756,2764,2785,2850,2757,2784,2783,2776,2775
44,2869,2835,2862,2869,2856,2860,2844,2901,2873,2863,2842,2924,2821,2846,3075,2823,2842,2854,2889,2900,2930,2854,2854,2816,2849,2835,2924,2931,4018,2860,2858,2855,2852,2918,2815,2940,2874,2826,2845,2828,2921,2827,2830,2850,2917,2829,2856,2852,2844,2854
45,2712,2679,2705,2711,2703,2704,2682,2759,2713,2711,2684,2808,2661,2688,2930,2666,2693,2697,2772,2742,2788,2700,2700,2665,2689,2680,2775,2781,4019,2703,2704,2703,2696,2770,2661,2795,2719,2670,2690,2673,2777,2670,2674,2687,2770,2672,2704,2692,2688,2704
46,2831,2799,2827,2834,2829,2827,2803,2882,2835,2829,2809,2956,2787,2811,3008,2783,2810,2820,2929,2859,2908,2820,2820,2788,2811,2802,2886,2900,4019,2829,2824,2820,2821,2888,2776,2913,2836,2789,2812,2797,2893,2791,2797,2802,2891,2793,2826,2812,2807,2826
47,2817,2791,2804,2818,2812,2807,2780,2872,2819,2814,2792,2976,2774,2795,2975,2769,2794,2801,2950,2846,2897,2801,2803,2772,2788,2783,2866,2881,4018,2813,2810,2801,2802,2864,2759,2896,2829,2774,2793,2788,2879,2775,2782,2786,2874,2777,2812,2791,2795,2812
48,2825,2805,2808,2825,2825,2819,2793,2878,2832,2818,2805,3011,2782,2805,2953,2781,2800,2811,2993,2852,2908,2807,2812,2782,2798,2787,2861,2883,4019,2820,2816,2813,2811,2869,2767,2901,2835,2789,2802,2787,2888,2783,2790,2793,2887,2793,2827,2802,2804,2815
49,2849,2828,2827,2846,2850,2839,2812,2905,2851,2837,2824,3054,2807,2826,2960,2801,2823,2829,3039,2871,2928,2826,2835,2802,2816,2814,2879,2902,4019,2840,2837,2832,2833,2889,2778,2919,2859,2807,2829,2813,2913,2808,2815,2813,2909,2817,2847,2824,2826,2839
50,2751,2733,2737,2752,2760,2744,2714,2814,2757,2741,2729,2991,2714,2728,2861,2707,2726,2730,2977,2775,2836,2722,2735,2707,2715,2713,2778,2807,4019,2743,2739,2733,2736,2794,2690,2829,2767,2717,2734,2719,2825,2712,2718,2719,2818,2723,2753,2726,2736,2747
51,2765,2748,2751,2769,2771,2757,2727,2831,2771,2751,2742,3011,2727,2741,2868,2724,2739,2741,3004,2789,2843,2732,2746,2719,2726,2728,2788,2817,4018,2752,2753,2752,2753,2806,2703,2836,2782,2728,2751,2730,2839,2725,2733,2728,2835,2742,2765,2749,2748,2761
52,2685,2670,2668,2685,2692,2676,2646,2749,2695,2673,2664,2948,2646,2660,2784,2642,2660,2663,2945,2699,2753,2652,2664,2644,2646,2646,2704,2733,4019,2675,2677,2672,2669,2717,2629,2757,2710,2650,2669,2647,2761,2651,2650,2648,2753,2661,2683,2671,2674,2677
53,2918,2900,2899,2913,2916,2904,2880,2966,2919,2901,2895,3134,2878,2890,2991,2881,2894,2892,3123,2919,2963,2884,2897,2879,2877,2879,2929,2947,4019,2908,2906,2905,2895,2939,2862,2972,2943,2882,2897,2882,2978,2883,2882,2879,2968,2894,2906,2905,2907,2908
54,2907,2889,2889,2903,2901,2889,2871,2957,2910,2885,2890,3116,2861,2875,2967,2874,2884,2882,3109,2906,2953,2876,2885,2866,2863,2870,2916,2933,4018,2898,2894,2896,2891,2927,2851,2963,2935,2875,2891,2870,2976,2875,2872,2870,2959,2881,2896,2898,2895,2900
55,2941,2918,2922,2939,2935,2925,2902,2992,2942,2920,2923,3141,2899,2907,2990,2912,2918,2919,3133,2936,2989,2913,2916,2906,2900,2904,2953,2964,4018,2934,2927,2933,2923,2964,2888,2993,2973,2912,2927,2906,3006,2909,2909,2901,2988,2918,2930,2933,2925,2934
56,2817,2799,2796,2818,2817,2803,2776,2883,2826,2793,2808,3011,2775,2788,2855,2787,2802,2800,3017,2813,2876,2795,2797,2783,2784,2787,2836,2856,4019,2814,2809,2814,2806,2844,2764,2881,2862,2795,2804,2789,2895,2793,2785,2782,2872,2796,2804,2814,2809,2818
57,2789,2770,2766,2790,2790,2776,2749,2855,2799,2764,2783,2976,2742,2763,2822,2757,2777,2775,2983,2780,2852,2770,2771,2760,2760,2755,2808,2831,4019,2792,2782,2783,2773,2810,2741,2855,2841,2766,2778,2761,2867,2760,2759,2753,2849,2760,2777,2784,2779,2792
58,2852,2837,2830,2855,2848,2838,2812,2921,2860,2833,2846,2999,2806,2827,2871,2823,2836,2837,3014,2845,2901,2834,2831,2823,2823,2817,2862,2895,4018,2849,2840,2843,2839,2869,2803,2909,2897,2830,2835,2828,2917,2820,2823,2822,2903,2825,2835,2847,2839,2851
59,2839,2832,2814,2841,2838,2830,2802,2913,2848,2816,2844,2977,2797,2817,2856,2816,2827,2825,2984,2833,2895,2828,2816,2813,2816,2810,2850,2885,4019,2841,2835,2830,2831,2863,2792,2898,2888,2825,2826,2818,2907,2809,2813,2812,2892,2816,2830,2837,2831,2843
60,2909,2902,2883,2903,2909,2895,2867,2981,2911,2883,2907,3025,2867,2884,2917,2886,2893,2892,3023,2901,2959,2887,2883,2886,2877,2873,2909,2940,4019,2908,2900,2893,2901,2933,2862,2953,2950,2897,2892,2889,2970,2876,2878,2879,2949,2886,2898,2904,2900,2912
61,2837,2839,2810,2836,2842,2822,2795,2917,2846,2810,2838,2951,2799,2813,2842,2817,2827,2816,2947,2830,2892,2818,2818,2818,2806,2803,2842,2873,4019,2837,2831,2826,2830,2867,2790,2888,2885,2827,2827,2817,2904,2804,2808,2806,2885,2815,2829,2835,2831,2843
62,2815,2821,2790,2805,2824,2801,2769,2897,2819,2788,2808,2915,2780,2789,2824,2795,2801,2792,2911,2809,2869,2783,2794,2805,2782,2777,2817,2845,4019,2812,2804,2804,2808,2845,2770,2863,2870,2801,2806,2797,2880,2780,2780,2780,2859,2794,2815,2811,2809,2821
63,2760,2769,2732,2756,2764,2746,2714,2847,2764,2737,2756,2844,2728,2734,2769,2738,2747,2736,2851,2757,2815,2733,2740,2761,2722,2717,2761,2783,4018,2761,2747,2748,2750,2777,2719,2812,2818,2750,2750,2743,2828,2730,2729,2723,2798,2742,2766,2759,2756,2762
64,2903,2910,2875,2895,2903,2884,2859,2975,2903,2879,2893,2960,2874,2869,2913,2890,2883,2874,2969,2896,2947,2875,2880,2922,2861,2864,2903,2918,4018,2899,2889,2891,2892,2912,2861,2941,2952,2893,2894,2886,2960,2878,2866,2868,2934,2884,2905,2904,2899,2895
65,2893,2900,2861,2882,2885,2872,2849,2969,2891,2864,2884,2936,2865,2860,2906,2882,2870,2861,2956,2886,2933,2864,2868,2934,2846,2855,2899,2906,4018,2888,2882,2882,2884,2899,2855,2932,2944,2883,2886,2881,2953,2872,2855,2859,2921,2873,2893,2894,2891,2884
66,2846,2852,2813,2836,2841,2822,2799,2926,2847,2814,2836,2879,2819,2814,2862,2841,2825,2812,2905,2841,2882,2821,2824,2922,2799,2815,2857,2862,4018,2847,2836,2841,2837,2853,2808,2883,2902,2842,2843,2835,2907,2830,2807,2814,2871,2825,2849,2852,2847,2832
67,2823,2831,2786,2807,2812,2802,2778,2903,2819,2790,2813,2847,2794,2793,2839,2830,2796,2787,2869,2812,2852,2799,2801,2936,2782,2789,2833,2842,4018,2820,2814,2818,2810,2836,2785,2855,2881,2816,2823,2812,2885,2807,2785,2785,2838,2802,2821,2829,2827,2811
68,2821,2825,2786,2806,2809,2799,2777,2897,2817,2791,2812,2835,2790,2793,2836,2833,2795,2786,2860,2810,2841,2797,2795,2969,2777,2795,2828,2832,4018,2819,2812,2812,2807,2832,2788,2858,2878,2817,2821,2810,2880,2805,2784,2788,2841,2806,2818,2824,2828,2802
69,2780,2784,2742,2764,2765,2764,2741,2853,2773,2748,2768,2789,2750,2755,2793,2813,2756,2746,2805,2771,2799,2758,2756,2973,2741,2760,2785,2796,4018,2782,2774,2775,2770,2795,2757,2827,2839,2782,2780,2776,2842,2766,2742,2748,2807,2760,2772,2781,2789,2765
70,2890,2892,2851,2880,2869,2867,2853,2954,2882,2857,2865,2891,2860,2862,2899,2936,2851,2855,2898,2879,2899,2874,2864,3091,2856,2867,2889,2902,4018,2887,2881,2883,2882,2904,2879,2930,2933,2890,2885,2886,2943,2874,2843,2859,2910,2855,2877,2890,2897,2863
71,2807,2810,2764,2797,2786,2785,2765,2878,2796,2772,2785,2805,2776,2780,2811,2893,2769,2768,2805,2794,2819,2798,2783,3045,2775,2787,2811,2818,4018,2812,2796,2801,2798,2829,2821,2847,2851,2807,2806,2810,2866,2791,2757,2777,2833,2781,2795,2809,2815,2784
72,2881,2884,2840,2868,2863,2858,2839,2939,2867,2846,2858,2874,2852,2857,2877,2987,2843,2842,2872,2868,2887,2875,2859,3119,2854,2857,2881,2892,4018,2886,2868,2871,2871,2901,2913,2911,2921,2883,2882,2885,2933,2869,2834,2854,2901,2852,2870,2883,2886,2856
73,2697,2707,2660,2684,2683,2679,2658,2768,2685,2665,2678,2686,2672,2675,2697,2857,2659,2662,2684,2691,2710,2689,2678,2971,2672,2678,2699,2707,4018,2705,2685,2689,2688,2719,2761,2729,2751,2701,2697,2710,2758,2685,2651,2672,2713,2668,2687,2701,2708,2670
74,2849,2865,2811,2831,2832,2832,2813,2909,2833,2821,2827,2835,2828,2824,2841,3028,2810,2810,2839,2845,2870,2843,2829,3092,2829,2827,2851,2854,4018,2855,2836,2845,2838,2867,2942,2873,2906,2852,2844,2879,2901,2836,2799,2826,2855,2819,2845,2858,2859,2824
75,2781,2803,2743,2761,2765,2768,2747,2843,2769,2751,2743,2764,2763,2758,2776,2999,2738,2743,2774,2780,2808,2774,2760,3034,2762,2763,2779,2784,4018,2790,2766,2780,2772,2794,2911,2806,2841,2786,2781,2847,2835,2769,2728,2753,2788,2742,2780,2798,2793,2749
76,2872,2891,2829,2849,2854,2866,2837,2918,2858,2840,2840,2853,2856,2841,2859,3096,2843,2831,2866,2871,2894,2862,2849,3096,2850,2853,2867,2875,4018,2874,2853,2867,2856,2883,3022,2891,2928,2876,2867,2965,2909,2860,2827,2842,2870,2851,2868,2882,2879,2852
77,2756,2783,2711,2729,2742,2770,2720,2806,2740,2724,2724,2748,2740,2721,2753,3023,2730,2714,2762,2758,2784,2744,2735,2992,2737,2743,2750,2760,4018,2765,2737,2758,2742,2771,2963,2780,2819,2763,2759,2906,2805,2751,2712,2727,2760,2731,2758,2771,2769,2739
78,2781,2806,2735,2749,2762,2828,2749,2836,2765,2748,2751,2774,2766,2749,2781,3051,2756,2735,2788,2781,2797,2770,2758,2987,2758,2766,2768,2784,4018,2787,2762,2779,2768,2793,3006,2808,2838,2785,2785,2963,2834,2780,2736,2751,2781,2752,2781,2793,2796,2767
79,2717,2744,2670,2690,2698,2794,2687,2773,2701,2681,2685,2704,2708,2682,2715,2997,2699,2673,2723,2720,2726,2712,2696,2918,2696,2707,2706,2718,4018,2726,2698,2723,2705,2723,2965,2742,2779,2721,2719,2935,2774,2731,2680,2693,2717,2686,2714,2729,2733,2705
80,2770,2800,2730,2749,2751,2889,2750,2830,2757,2736,2746,2762,2763,2740,2776,3042,2757,2726,2773,2775,2772,2768,2750,2951,2752,2766,2762,2766,4018,2780,2757,2773,2761,2781,3026,2800,2833,2780,2778,3011,2827,2793,2732,2752,2769,2739,2765,2783,2791,2759
81,2800,2825,2756,2778,2779,2946,2778,2847,2783,2764,2773,2785,2795,2766,2806,3056,2790,2754,2796,2795,2791,2802,2773,2958,2784,2791,2787,2789,4018,2806,2785,2804,2794,2812,3048,2825,2855,2807,2806,3048,2850,2835,2757,2781,2797,2769,2789,2808,2821,2788
82,2835,2853,2791,2807,2811,3010,2812,2880,2821,2794,2815,2817,2836,2801,2846,3077,2828,2790,2824,2832,2820,2839,2809,2977,2825,2827,2824,2824,4018,2835,2820,2836,2829,2853,3079,2853,2887,2844,2838,3090,2878,2893,2792,2816,2832,2806,2817,2844,2851,2825
83,2777,2798,2732,2744,2754,2985,2756,2820,2758,2734,2759,2754,2791,2744,2785,3019,2773,2732,2764,2768,2758,2781,2746,2911,2769,2765,2765,2762,4018,2776,2765,2775,2771,2792,3028,2790,2835,2785,2784,3044,2816,2853,2738,2760,2766,2749,2755,2786,2793,2764
84,2917,2926,2872,2884,2890,3114,2895,2943,2894,2875,2898,2888,2946,2881,2917,3111,2909,2875,2896,2901,2894,2916,2880,3015,2906,2900,2900,2901,4018,2912,2909,2912,2905,2919,3126,2918,2959,2918,2911,3154,2937,3011,2878,2896,2904,2891,2887,2921,2928,2908
85,2829,2842,2784,2795,2799,3046,2808,2859,2805,2784,2809,2795,2890,2792,2829,3011,2828,2787,2808,2813,2809,2827,2790,2926,2816,2814,2815,2808,4018,2827,2833,2828,2820,2836,3036,2831,2879,2835,2827,3081,2845,2974,2786,2808,2809,2806,2797,2833,2843,2819
86,2873,2886,2827,2835,2846,3087,2851,2906,2850,2825,2857,2842,2960,2837,2868,3032,2867,2833,2857,2859,2856,2877,2835,2953,2868,2855,2862,2855,4018,2874,2893,2871,2862,2876,3064,2867,2916,2880,2864,3106,2889,3042,2831,2851,2853,2856,2845,2877,2884,2861
87,2805,2821,2759,2761,2771,3025,2781,2842,2779,2757,2787,2773,2935,2768,2801,2956,2799,2767,2785,2790,2792,2807,2770,2881,2801,2787,2794,2786,4018,2803,2854,2799,2796,2812,2985,2796,2847,2811,2797,3034,2823,3020,2766,2783,2779,2793,2776,2811,2817,2791
88,2831,2850,2791,2784,2799,3044,2802,2867,2798,2787,2817,2798,3004,2792,2825,2964,2825,2790,2809,2820,2817,2831,2790,2899,2827,2815,2819,2805,4018,2831,2921,2830,2818,2839,2988,2823,2870,2836,2828,3042,2856,3070,2810,2807,2803,2821,2803,2837,2839,2818
89,2871,2885,2827,2816,2836,3064,2839,2902,2836,2826,2854,2836,3070,2829,2856,2986,2871,2825,2848,2858,2858,2867,2827,2926,2864,2854,2857,2838,4018,2868,2983,2870,2855,2872,3004,2865,2902,2872,2865,3056,2886,3117,2863,2842,2841,2859,2844,2869,2880,2857
90,2735,2754,2690,2688,2696,2938,2708,2770,2698,2689,2718,2704,2982,2696,2719,2856,2748,2684,2709,2725,2721,2734,2689,2788,2728,2721,2720,2696,4018,2737,2898,2734,2719,2735,2874,2734,2774,2733,2728,2922,2749,3011,2751,2709,2710,2724,2707,2735,2746,2724
91,2773,2790,2731,2723,2732,2948,2737,2802,2737,2727,2756,2739,3022,2730,2759,2881,2798,2719,2749,2760,2751,2776,2728,2809,2772,2760,2756,2729,4018,2771,2956,2772,2754,2769,2892,2775,2804,2765,2762,2931,2782,3034,2819,2743,2748,2756,2744,2765,2781,2755
92,2972,2979,2935,2927,2935,3104,2940,2987,2938,2932,2958,2946,3205,2933,2960,3050,3012,2919,2950,2961,2955,2972,2926,2990,2969,2960,2961,2934,4018,2969,3156,2969,2958,2969,3061,2969,2992,2965,2962,3093,2978,3204,3041,2949,2948,2956,2947,2962,2977,2955
93,2750,2768,2717,2707,2711,2897,2719,2773,2709,2710,2739,2728,3021,2714,2744,2840,2842,2694,2737,2743,2722,2755,2697,2773,2751,2741,2741,2712,4018,2745,2983,2749,2740,2752,2850,2740,2783,2748,2744,2884,2757,3011,2882,2732,2731,2734,2729,2742,2767,2738
94,2819,2831,2782,2776,2783,2936,2789,2831,2775,2775,2810,2795,3076,2785,2807,2894,2941,2761,2809,2810,2787,2821,2766,2840,2820,2813,2810,2781,4018,2811,3047,2818,2804,2817,2901,2804,2852,2813,2816,2928,2815,3056,2976,2806,2794,2803,2794,2811,2834,2807
95,2809,2817,2773,2772,2769,2914,2780,2815,2767,2769,2799,2785,3059,2777,2803,2873,2974,2745,2801,2802,2773,2813,2744,2831,2808,2805,2806,2775,4018,2806,3036,2807,2797,2801,2881,2788,2845,2798,2807,2906,2803,3031,3001,2802,2781,2796,2782,2805,2825,2802
96,2893,2896,2857,2856,2847,2968,2852,2886,2850,2853,2887,2871,3112,2860,2880,2931,3083,2824,2884,2884,2851,2893,2821,2911,2888,2883,2891,2859,4018,2884,3098,2884,2874,2882,2948,2865,2923,2871,2887,2970,2877,3078,3098,2877,2865,2876,2858,2886,2901,2879
97,2819,2816,2781,2774,2766,2885,2773,2807,2769,2780,2809,2797,3030,2787,2805,2844,3045,2745,2806,2805,2774,2827,2747,2840,2817,2810,2814,2784,4018,2807,3030,2814,2798,2810,2869,2790,2848,2795,2809,2892,2803,2998,3052,2806,2781,2808,2775,2813,2826,2807
98,2917,2911,2881,2872,2870,2954,2881,2906,2867,2879,2910,2896,3091,2888,2906,2932,3159,2849,2902,2901,2872,2917,2847,2940,2913,2908,2913,2883,4018,2905,3106,2906,2895,2906,2950,2884,2940,2896,2906,2968,2902,3065,3148,2901,2880,2910,2876,2911,2923,2908
99,2847,2841,2808,2797,2795,2875,2806,2839,2791,2811,2845,2829,3006,2816,2830,2858,3112,2772,2827,2832,2805,2848,2769,2870,2850,2839,2842,2810,4018,2835,3030,2840,2821,2839,2875,2811,2864,2824,2836,2891,2831,2985,3089,2828,2806,2845,2798,2840,2848,2843
100,2838,2836,2800,2795,2782,2863,2793,2837,2788,2807,2841,2822,2987,2813,2819,2850,3118,2768,2819,2824,2804,2843,2763,2859,2851,2834,2843,2803,4018,2829,3005,2833,2810,2832,2860,2809,2860,2809,2825,2871,2829,2961,3081,2818,2802,2841,2791,2834,2847,2838
101,2830,2828,2793,2785,2774,2847,2798,2827,2783,2806,2837,2816,2969,2805,2810,2848,3109,2790,2810,2817,2801,2835,2780,2846,2841,2830,2832,2797,4018,2825,2978,2830,2802,2821,2854,2802,2849,2808,2814,2856,2815,2932,3064,2813,2792,2841,2784,2823,2832,2828
102,2806,2800,2767,2760,2754,2818,2778,2800,2762,2782,2811,2796,2940,2782,2788,2832,3088,2774,2795,2799,2783,2814,2763,2815,2817,2810,2810,2769,4018,2799,2939,2803,2779,2797,2827,2780,2822,2790,2788,2830,2794,2902,3037,2788,2771,2817,2765,2796,2807,2799
103,2964,2951,2922,2915,2915,2960,2932,2943,2916,2938,2962,2950,3058,2932,2939,2982,3206,2928,2946,2950,2944,2959,2919,2954,2968,2958,2956,2924,4018,2948,3059,2952,2931,2952,2971,2935,2968,2942,2941,2971,2943,3023,3152,2943,2926,2962,2928,2945,2956,2949
104,2812,2802,2774,2763,2760,2802,2779,2789,2763,2788,2815,2796,2910,2781,2791,2837,3059,2777,2799,2801,2791,2812,2769,2803,2821,2812,2814,2773,4018,2797,2905,2801,2775,2797,2825,2777,2819,2795,2790,2825,2791,2874,3005,2794,2776,2815,2777,2785,2812,2800
105,2902,2898,2867,2856,2854,2881,2868,2879,2855,2882,2901,2888,2981,2871,2883,2917,3122,2868,2892,2892,2882,2900,2860,2897,2906,2901,2905,2867,4018,2889,2978,2898,2874,2883,2917,2868,2910,2887,2883,2914,2874,2945,3067,2886,2868,2901,2872,2876,2898,2888
106,2823,2819,2789,2776,2776,2797,2789,2798,2776,2801,2826,2806,2894,2793,2804,2832,3038,2793,2814,2817,2802,2821,2777,2816,2829,2824,2826,2783,4018,2809,2894,2816,2793,2797,2837,2789,2826,2807,2803,2834,2790,2868,2976,2814,2784,2821,2794,2794,2825,2811
107,2763,2761,2735,2714,2714,2736,2736,2742,2718,2741,2770,2750,2828,2734,2754,2777,2967,2737,2761,2762,2741,2768,2727,2760,2773,2766,2770,2728,4018,2751,2829,2758,2735,2740,2778,2731,2771,2750,2750,2775,2740,2813,2912,2759,2727,2764,2740,2739,2765,2754
108,2839,2829,2808,2788,2797,2814,2812,2821,2792,2816,2844,2827,2889,2808,2827,2841,3012,2810,2835,2836,2811,2835,2797,2839,2842,2842,2843,2800,4018,2826,2890,2833,2812,2819,2851,2806,2846,2823,2827,2851,2816,2871,2961,2832,2803,2832,2812,2814,2835,2828
109,2809,2798,2781,2759,2769,2787,2785,2790,2760,2786,2820,2794,2852,2779,2799,2807,2970,2780,2803,2804,2777,2806,2768,2811,2815,2810,2814,2774,4018,2792,2848,2803,2784,2793,2822,2771,2806,2793,2796,2815,2783,2832,2916,2803,2775,2806,2781,2786,2803,2802
110,2694,2682,2666,2647,2656,2681,2672,2671,2650,2678,2703,2684,2732,2667,2683,2685,2859,2666,2689,2690,2664,2696,2656,2694,2703,2697,2706,2660,4018,2678,2725,2692,2670,2678,2712,2656,2695,2678,2683,2705,2669,2710,2805,2691,2661,2692,2661,2671,2689,2691
111,2801,2784,2776,2758,2760,2789,2776,2776,2759,2782,2815,2794,2833,2776,2784,2792,2943,2770,2796,2794,2773,2803,2758,2796,2813,2801,2814,2769,4018,2790,2818,2796,2779,2780,2816,2764,2797,2786,2789,2808,2769,2809,2890,2796,2771,2805,2769,2783,2793,2798
112,2873,2848,2848,2828,2831,2859,2854,2844,2834,2856,2884,2864,2892,2852,2857,2860,2993,2839,2863,2863,2844,2872,2833,2860,2884,2875,2887,2841,4018,2863,2872,2868,2846,2852,2876,2836,2866,2856,2858,2869,2835,2874,2945,2868,2841,2878,2837,2854,2859,2871
113,2683,2655,2660,2639,2636,2671,2662,2656,2640,2665,2698,2675,2697,2661,2665,2670,2808,2648,2672,2669,2657,2683,2644,2666,2695,2683,2694,2651,3959,2671,2677,2676,2656,2665,2683,2647,2673,2665,2668,2673,2645,2684,2757,2674,2655,2693,2639,2659,2666,2673
114,2864,2839,2841,2817,2820,2845,2845,2835,2822,2846,2876,2860,2872,2838,2840,2843,2958,2829,2846,2847,2837,2864,2826,2846,2873,2868,2880,2834,4018,2851,2845,2856,2834,2851,2858,2830,2855,2845,2843,2848,2823,2862,2916,2855,2832,2867,2821,2835,2847,2852
115,2765,2741,2746,2721,2724,2740,2749,2732,2726,2748,2779,2765,2776,2742,2744,2741,2861,2726,2754,2753,2748,2767,2731,2749,2784,2770,2784,2740,4018,2757,2750,2761,2738,2756,2760,2729,2759,2751,2749,2748,2725,2771,2819,2760,2740,2776,2720,2736,2743,2757
116,2811,2787,2793,2766,2763,2778,2795,2773,2773,2802,2823,2809,2813,2789,2778,2783,2882,2774,2796,2801,2792,2816,2772,2791,2829,2806,2824,2781,4018,2800,2794,2803,2779,2792,2803,2773,2796,2790,2784,2781,2769,2813,2851,2801,2786,2821,2760,2772,2785,2799
117,2793,2762,2773,2741,2743,2759,2780,2757,2756,2782,2815,2790,2798,2766,2760,2761,2853,2755,2776,2787,2779,2794,2757,2771,2809,2784,2809,2764,4018,2779,2773,2785,2761,2773,2779,2754,2774,2771,2766,2761,2750,2792,2822,2786,2770,2798,2749,2746,2762,2777
118,2910,2883,2891,2861,2865,2877,2901,2880,2874,2900,2944,2912,2913,2884,2878,2880,2946,2881,2899,2908,2898,2910,2871,2891,2918,2899,2924,2884,4018,2897,2894,2900,2884,2889,2900,2874,2890,2889,2884,2875,2870,2901,2932,2905,2881,2916,2873,2863,2880,2891
119,2794,2767,2780,2739,2748,2765,2791,2760,2754,2780,2847,2793,2801,2768,2759,2759,2828,2761,2783,2793,2784,2790,2758,2771,2801,2781,2809,2765,4018,2773,2785,2785,2762,2775,2779,2751,2771,2771,2769,2759,2757,2780,2818,2789,2769,2809,2759,2743,2762,2775
120,2879,2854,2864,2828,2837,2846,2877,2842,2838,2868,2952,2875,2882,2852,2843,2843,2899,2844,2867,2879,2866,2872,2842,2858,2883,2863,2893,2850,4018,2862,2866,2864,2849,2851,2866,2837,2856,2854,2853,2842,2836,2855,2894,2872,2857,2903,2842,2830,2843,2864
121,2726,2704,2716,2666,2672,2702,2728,2686,2687,2714,2841,2721,2733,2702,2692,2693,2744,2694,2720,2725,2709,2717,2688,2697,2725,2711,2741,2701,3981,2713,2711,2713,2696,2698,2715,2686,2706,2702,2706,2687,2687,2700,2742,2722,2703,2772,2690,2665,2692,2712
122,2824,2793,2816,2763,2773,2800,2833,2783,2794,2819,2968,2819,2828,2804,2793,2793,2845,2796,2816,2824,2807,2817,2785,2793,2820,2810,2840,2794,4018,2810,2805,2809,2790,2793,2818,2787,2806,2801,2806,2786,2784,2797,2841,2820,2809,2898,2784,2762,2791,2804
123,2805,2762,2789,2743,2750,2785,2816,2762,2774,2795,2982,2802,2801,2780,2775,2771,2820,2774,2795,2801,2780,2790,2765,2770,2800,2792,2824,2779,4018,2784,2776,2788,2768,2773,2796,2767,2782,2779,2782,2763,2761,2775,2820,2795,2786,2907,2760,2747,2764,2781
124,2884,2838,2869,2820,2830,2853,2892,2839,2849,2874,3076,2883,2874,2862,2852,2847,2899,2855,2873,2871,2861,2872,2847,2849,2876,2867,2898,2859,4018,2863,2854,2865,2846,2856,2869,2849,2857,2859,2857,2839,2841,2856,2898,2871,2868,3009,2836,2820,2842,2862
125,2815,2767,2807,2750,2760,2790,2830,2774,2780,2810,3043,2814,2794,2795,2784,2777,2838,2784,2805,2806,2792,2801,2783,2777,2817,2801,2832,2795,4018,2798,2781,2801,2779,2790,2795,2782,2786,2786,2793,2775,2773,2787,2832,2804,2807,2986,2763,2749,2777,2796
126,2868,2818,2858,2799,2805,2844,2881,2829,2838,2865,3099,2869,2841,2852,2829,2828,2887,2836,2851,2851,2855,2856,2839,2825,2869,2850,2877,2846,4018,2848,2834,2852,2834,2840,2844,2838,2840,2841,2838,2824,2827,2836,2883,2852,2855,3056,2813,2803,2831,2851
127,2781,2732,2777,2739,2749,2760,2800,2742,2753,2781,3039,2781,2753,2765,2739,2734,2787,2752,2763,2762,2772,2774,2752,2736,2784,2766,2795,2758,4018,2764,2752,2768,2744,2751,2757,2750,2752,2752,2746,2740,2745,2750,2795,2769,2773,3008,2729,2759,2742,2761
128,2870,2818,2868,2827,2836,2851,2892,2831,2837,2869,3111,2868,2842,2853,2830,2824,2868,2838,2850,2851,2864,2861,2843,2824,2867,2842,2877,2843,4018,2846,2840,2853,2836,2841,2843,2841,2835,2838,2831,2821,2833,2831,2873,2855,2856,3097,2818,2841,2826,2846
129,2943,2896,2937,2900,2909,2926,2967,2910,2913,2942,3160,2938,2916,2926,2902,2898,2935,2912,2919,2926,2940,2929,2926,2900,2934,2918,2946,2922,4018,2923,2911,2926,2914,2919,2922,2915,2899,2913,2908,2895,2910,2903,2929,2926,2930,3167,2901,2912,2893,2916
130,2898,2853,2894,2857,2865,2887,2924,2865,2865,2900,3102,2894,2870,2880,2852,2843,2884,2865,2876,2887,2904,2879,2896,2847,2889,2872,2904,2880,4018,2879,2860,2879,2861,2867,2879,2865,2851,2870,2862,2847,2861,2858,2887,2878,2883,3121,2859,2866,2846,2868
131,2860,2818,2853,2817,2824,2846,2894,2830,2826,2864,3054,2853,2834,2847,2812,2803,2842,2830,2838,2852,2868,2840,2876,2808,2847,2833,2865,2842,4018,2840,2820,2843,2819,2826,2841,2826,2813,2826,2820,2806,2823,2818,2853,2838,2851,3081,2829,2826,2808,2830
132,2846,2806,2839,2804,2808,2834,2885,2814,2813,2853,3029,2843,2822,2828,2804,2787,2823,2811,2831,2842,2860,2824,2885,2796,2829,2820,2857,2830,4018,2826,2808,2828,2803,2810,2826,2817,2793,2819,2812,2794,2813,2805,2841,2827,2835,3062,2818,2816,2794,2814
133,2742,2706,2737,2704,2706,2729,2795,2716,2712,2756,2924,2746,2723,2729,2698,2688,2713,2715,2728,2741,2755,2719,2817,2695,2722,2720,2755,2724,3952,2721,2704,2725,2703,2707,2717,2715,2695,2715,2711,2695,2713,2712,2742,2724,2736,2966,2717,2717,2693,2714
134,2909,2867,2900,2869,2861,2892,2955,2877,2880,2913,3045,2904,2886,2893,2865,2848,2872,2876,2892,2903,2914,2883,2999,2858,2890,2879,2913,2892,4018,2881,2875,2892,2868,2873,2871,2883,2858,2881,2881,2860,2880,2878,2897,2883,2900,3079,2883,2879,2860,2887
135,2767,2725,2758,2725,2722,2754,2831,2741,2737,2782,2909,2765,2745,2755,2723,2711,2733,2738,2752,2763,2780,2740,2919,2712,2750,2745,2774,2755,4018,2741,2739,2754,2729,2737,2733,2747,2719,2743,2741,2719,2741,2738,2760,2745,2768,2951,2746,2739,2718,2762
136,2819,2776,2815,2779,2777,2812,2876,2788,2794,2831,2927,2815,2798,2811,2779,2766,2788,2795,2796,2813,2825,2792,3001,2773,2802,2798,2826,2811,4018,2795,2800,2808,2780,2792,2779,2797,2773,2792,2793,2768,2795,2792,2810,2802,2824,2968,2790,2791,2773,2841
137,2845,2797,2843,2804,2812,2842,2904,2819,2824,2857,2944,2842,2825,2834,2808,2790,2821,2820,2819,2839,2845,2815,3055,2797,2830,2825,2849,2841,4018,2821,2826,2832,2805,2815,2808,2826,2803,2818,2817,2791,2822,2816,2837,2831,2851,2977,2813,2816,2799,2892
138,2898,2843,2891,2854,2862,2889,2952,2868,2880,2902,2979,2888,2874,2886,2864,2844,2872,2872,2871,2889,2893,2873,3121,2850,2875,2874,2899,2892,4018,2866,2879,2880,2857,2869,2861,2879,2852,2871,2864,2843,2874,2866,2886,2882,2898,2998,2864,2861,2848,2973
139,2782,2731,2783,2746,2751,2784,2853,2756,2771,2797,2874,2786,2759,2778,2754,2725,2761,2764,2758,2781,2787,2763,3053,2735,2771,2761,2794,2784,4018,2756,2771,2769,2743,2766,2754,2770,2741,2759,2753,2730,2764,2752,2781,2770,2793,2886,2750,2748,2734,2914
140,2882,2836,2882,2847,2857,2880,2940,2860,2870,2891,2950,2880,2856,2871,2848,2827,2862,2862,2858,2880,2888,2863,3143,2835,2871,2859,2887,2886,4018,2861,2872,2869,2843,2865,2853,2870,2840,2857,2851,2828,2865,2851,2884,2868,2892,2960,2847,2851,2837,3032
141,2874,2829,2872,2835,2855,2872,2931,2850,2863,2877,2921,2874,2845,2866,2841,2817,2859,2854,2843,2870,2881,2853,3130,2830,2865,2848,2874,2878,4018,2852,2862,2858,2829,2853,2842,2860,2832,2850,2839,2821,2853,2840,2878,2863,2882,2940,2839,2842,2825,3056
142,2803,2757,2799,2764,2785,2804,2869,2788,2796,2813,2841,2806,2778,2794,2768,2746,2784,2783,2779,2803,2814,2783,3067,2759,2796,2775,2808,2813,4018,2779,2794,2791,2761,2784,2766,2790,2761,2778,2764,2750,2790,2774,2813,2795,2809,2864,2768,2772,2752,3018
143,2739,2699,2733,2704,2719,2740,2812,2730,2737,2750,2765,2743,2716,2736,2702,2686,2712,2722,2718,2749,2762,2716,3005,2696,2726,2709,2744,2752,4018,2720,2730,2727,2698,2720,2707,2738,2700,2716,2701,2687,2731,2709,2749,2732,2749,2793,2707,2714,2690,2988
144,2834,2796,2822,2799,2809,2827,2900,2828,2832,2839,2841,2838,2808,2823,2800,2779,2797,2824,2811,2842,2857,2805,3064,2788,2817,2804,2835,2844,4018,2810,2824,2811,2789,2816,2798,2832,2789,2805,2792,2784,2825,2799,2838,2820,2839,2870,2803,2811,2788,3068
145,2925,2889,2905,2886,2894,2918,2978,2914,2917,2921,2919,2916,2896,2906,2884,2872,2883,2911,2902,2929,2939,2889,3126,2879,2899,2890,2917,2925,4018,2897,2913,2895,2877,2903,2883,2920,2876,2895,2882,2874,2910,2887,2921,2905,2929,2945,2889,2902,2882,3148
146,2846,2808,2816,2808,2819,2839,2901,2838,2838,2845,2839,2838,2819,2834,2806,2795,2805,2847,2821,2853,2868,2806,3036,2801,2820,2817,2833,2850,4018,2821,2841,2820,2785,2830,2806,2847,2799,2818,2793,2796,2837,2810,2842,2828,2854,2857,2799,2826,2799,3071
147,2796,2762,2768,2759,2768,2800,2861,2794,2796,2794,2788,2787,2772,2783,2760,2750,2757,2821,2780,2805,2818,2757,2984,2754,2766,2761,2785,2806,4018,2769,2791,2770,2738,2773,2760,2796,2751,2772,2744,2753,2788,2760,2791,2784,2808,2799,2751,2778,2753,3027
148,2811,2780,2785,2771,2781,2814,2871,2806,2811,2813,2802,2798,2789,2797,2774,2770,2770,2855,2795,2818,2832,2770,2978,2762,2781,2779,2798,2815,4018,2786,2802,2783,2756,2784,2772,2823,2765,2791,2758,2767,2805,2777,2801,2796,2823,2797,2770,2794,2770,3023
149,2826,2792,2797,2793,2793,2829,2881,2820,2833,2825,2818,2813,2804,2816,2792,2787,2789,2897,2812,2831,2845,2783,2972,2781,2791,2792,2811,2831,4018,2797,2818,2797,2765,2802,2788,2837,2783,2812,2772,2786,2817,2795,2815,2812,2841,2802,2782,2810,2786,3012
150,2809,2769,2774,2772,2771,2814,2866,2802,2810,2801,2799,2795,2782,2796,2777,2769,2774,2912,2789,2810,2824,2761,2944,2764,2773,2770,2792,2816,4018,2778,2804,2779,2738,2789,2768,2821,2766,2802,2746,2769,2802,2773,2792,2789,2819,2772,2751,2786,2768,2980
151,2846,2800,2801,2814,2808,2856,2896,2840,2847,2837,2837,2835,2813,2830,2815,2807,2813,2980,2827,2842,2858,2803,2968,2802,2814,2806,2828,2854,4018,2817,2844,2822,2786,2828,2805,2853,2805,2857,2787,2804,2841,2813,2835,2827,2858,2812,2776,2821,2811,3000
152,2832,2785,2801,2795,2801,2840,2874,2820,2833,2828,2817,2819,2798,2819,2798,2785,2797,2998,2812,2829,2837,2789,2933,2788,2799,2789,2810,2840,4018,2802,2827,2803,2785,2813,2789,2839,2791,2865,2794,2784,2827,2794,2821,2811,2842,2801,2766,2805,2793,2971
153,2895,2850,2869,2859,2866,2895,2928,2886,2893,2885,2876,2880,2857,2880,2860,2850,2857,3077,2873,2887,2901,2854,2977,2854,2859,2846,2873,2898,4018,2868,2887,2860,2847,2871,2854,2897,2856,2954,2855,2846,2888,2861,2884,2873,2896,2866,2835,2868,2857,3010
154,2827,2782,2805,2792,2801,2833,2860,2824,2830,2822,2805,2817,2793,2819,2795,2786,2786,3043,2806,2824,2841,2793,2904,2790,2797,2782,2809,2837,4018,2802,2829,2796,2785,2810,2783,2835,2786,2928,2787,2785,2828,2794,2821,2802,2837,2806,2777,2802,2790,2932
155,2779,2737,2756,2744,2754,2782,2817,2771,2782,2772,2752,2766,2747,2772,2748,2734,2733,3012,2759,2779,2792,2745,2849,2737,2752,2737,2762,2789,4018,2754,2780,2749,2737,2762,2740,2788,2737,2918,2738,2733,2783,2748,2769,2752,2784,2753,2728,2761,2741,2863
156,2813,2773,2792,2774,2792,2814,2854,2814,2811,2806,2783,2796,2779,2805,2778,2761,2770,3050,2792,2809,2833,2779,2867,2770,2783,2769,2793,2825,4018,2787,2812,2782,2770,2800,2770,2822,2770,2973,2774,2772,2811,2781,2795,2784,2819,2788,2763,2801,2777,2878
157,2853,2815,2838,2815,2834,2854,2892,2853,2845,2843,2816,2834,2827,2843,2818,2803,2809,3085,2827,2849,2871,2813,2894,2807,2820,2807,2834,2864,4018,2830,2858,2818,2813,2836,2807,2859,2810,3037,2818,2816,2852,2823,2834,2817,2858,2822,2803,2845,2816,2903
158,2807,2780,2789,2768,2788,2807,2854,2811,2804,2801,2765,2784,2781,2799,2772,2761,2758,3040,2788,2799,2831,2759,2837,2758,2773,2765,2783,2824,4005,2783,2810,2769,2768,2786,2763,2815,2763,3021,2772,2773,2805,2777,2782,2769,2811,2772,2762,2805,2778,2846
159,2988,2957,2970,2956,2970,2980,3016,2984,2978,2974,2946,2960,2960,2976,2950,2946,2944,3187,2962,2977,3003,2941,2996,2943,2951,2946,2962,2990,4018,2964,2979,2953,2951,2963,2940,2987,2946,3184,2951,2954,2983,2954,2960,2949,2985,2953,2941,2985,2954,3003
160,2828,2798,2807,2797,2804,2826,2867,2830,2826,2816,2787,2794,2797,2816,2789,2788,2779,3039,2804,2820,2851,2779,2833,2780,2790,2785,2804,2842,4018,2802,2835,2791,2796,2806,2781,2838,2787,3056,2790,2791,2836,2792,2808,2784,2829,2789,2773,2835,2798,2839
161,2848,2826,2826,2818,2819,2845,2879,2846,2842,2834,2802,2810,2814,2830,2813,2808,2793,3031,2820,2844,2865,2799,2844,2805,2809,2798,2817,2850,4018,2814,2852,2809,2815,2831,2798,2858,2811,3069,2808,2815,2851,2814,2827,2804,2850,2807,2791,2855,2818,2848
162,2812,2790,2794,2785,2790,2812,2840,2812,2805,2795,2763,2778,2781,2792,2785,2773,2759,2980,2785,2808,2827,2759,2812,2773,2769,2762,2783,2822,4013,2781,2822,2779,2776,2797,2764,2825,2781,3036,2777,2777,2818,2785,2797,2772,2811,2765,2750,2827,2788,2810
163,2712,2691,2696,2687,2688,2712,2740,2709,2706,2695,2661,2677,2682,2693,2688,2678,2664,2878,2686,2706,2721,2661,2714,2681,2672,2662,2681,2717,3847,2684,2722,2678,2679,2696,2666,2725,2688,2944,2674,2673,2717,2678,2696,2670,2713,2663,2653,2727,2687,2702
164,2796,2774,2781,2769,2770,2798,2822,2791,2791,2781,2745,2759,2760,2781,2768,2761,2748,2942,2768,2789,2799,2741,2804,2766,2751,2740,2764,2805,3959,2766,2799,2761,2764,2777,2751,2807,2771,3002,2756,2761,2806,2763,2776,2754,2789,2744,2737,2820,2775,2786
165,2887,2863,2871,2865,2863,2884,2910,2881,2885,2870,2837,2848,2850,2868,2866,2853,2840,3008,2860,2878,2883,2840,2898,2859,2845,2835,2862,2890,4018,2863,2886,2851,2855,2872,2839,2897,2866,3059,2845,2854,2894,2851,2864,2848,2879,2834,2832,2906,2864,2868
166,2839,2812,2824,2815,2815,2835,2864,2831,2833,2818,2787,2801,2798,2816,2822,2807,2796,2954,2809,2827,2830,2794,2847,2809,2798,2789,2809,2842,4018,2806,2837,2803,2806,2828,2789,2849,2814,3001,2794,2804,2849,2806,2809,2797,2828,2773,2785,2864,2817,2815
167,2925,2893,2909,2902,2902,2920,2945,2918,2915,2902,2878,2887,2889,2901,2908,2893,2888,3015,2897,2908,2912,2883,2929,2896,2884,2878,2894,2929,4018,2895,2919,2881,2894,2916,2876,2932,2904,3057,2884,2892,2932,2895,2891,2883,2914,2863,2883,2949,2901,2900
168,2904,2873,2889,2879,2884,2894,2922,2895,2894,2879,2857,2859,2866,2878,2889,2869,2867,2974,2876,2885,2894,2860,2897,2874,2859,2851,2874,2905,4018,2872,2898,2858,2874,2892,2854,2912,2882,3018,2868,2868,2908,2872,2865,2857,2889,2847,2863,2933,2880,2884
169,2846,2815,2827,2819,2831,2829,2867,2844,2838,2824,2799,2802,2800,2817,2826,2816,2803,2909,2811,2822,2837,2801,2833,2812,2801,2797,2816,2851,4018,2809,2842,2792,2815,2836,2794,2855,2817,2949,2811,2813,2848,2812,2802,2794,2830,2790,2806,2884,2823,2824
170,2932,2904,2913,2906,2912,2915,2947,2924,2924,2904,2889,2882,2894,2901,2915,2901,2890,2972,2897,2910,2921,2893,2914,2899,2889,2884,2899,2929,4018,2899,2926,2880,2903,2914,2885,2937,2900,3011,2901,2905,2933,2896,2890,2879,2911,2884,2897,2970,2907,2912
171,2854,2829,2833,2828,2832,2835,2870,2852,2846,2821,2807,2803,2816,2812,2841,2830,2805,2894,2816,2826,2851,2813,2838,2823,2808,2806,2819,2857,4018,2818,2854,2798,2831,2847,2807,2862,2824,2929,2822,2827,2859,2819,2813,2798,2839,2809,2816,2901,2829,2833
172,2791,2763,2780,2766,2776,2773,2807,2792,2784,2760,2744,2743,2755,2743,2779,2769,2746,2826,2753,2770,2790,2743,2782,2767,2747,2748,2757,2792,3942,2748,2793,2728,2774,2788,2751,2803,2767,2860,2765,2773,2800,2756,2755,2739,2776,2756,2763,2842,2761,2776
173,2812,2778,2799,2799,2799,2794,2825,2814,2803,2779,2770,2764,2782,2762,2796,2791,2764,2840,2774,2795,2813,2771,2798,2790,2765,2767,2778,2813,4018,2770,2814,2749,2791,2809,2779,2825,2791,2861,2792,2797,2817,2774,2778,2762,2796,2782,2780,2866,2780,2798
174,2913,2881,2901,2896,2905,2893,2924,2911,2907,2880,2866,2865,2881,2863,2899,2895,2865,2929,2880,2895,2910,2867,2897,2890,2869,2871,2881,2909,4018,2871,2907,2850,2892,2902,2880,2926,2896,2940,2896,2898,2915,2874,2874,2867,2893,2878,2879,2961,2881,2892
175,2773,2745,2765,2763,2776,2753,2786,2775,2767,2737,2725,2726,2744,2725,2765,2763,2726,2787,2746,2756,2773,2730,2760,2758,2730,2729,2741,2765,3872,2730,2769,2710,2756,2768,2741,2788,2759,2802,2761,2764,2781,2734,2733,2729,2756,2730,2738,2830,2743,2739
176,2750,2714,2737,2738,2769,2733,2762,2749,2740,2709,2705,2707,2718,2699,2742,2739,2703,2762,2719,2732,2743,2707,2734,2732,2706,2706,2719,2740,3862,2706,2742,2682,2742,2745,2719,2764,2738,2774,2736,2741,2759,2715,2705,2702,2727,2703,2714,2806,2718,2706
177,2819,2779,2809,2811,2855,2800,2832,2817,2808,2777,2775,2776,2785,2763,2815,2808,2776,2823,2790,2802,2805,2776,2798,2806,2776,2777,2789,2806,4018,2767,2809,2752,2817,2818,2789,2827,2811,2840,2813,2808,2833,2784,2773,2775,2798,2767,2785,2869,2782,2780
178,2800,2754,2793,2792,2877,2781,2813,2797,2789,2757,2758,2759,2766,2765,2799,2788,2762,2801,2774,2780,2782,2762,2774,2789,2753,2758,2771,2790,3950,2764,2792,2768,2818,2800,2770,2807,2797,2809,2803,2793,2809,2770,2750,2757,2775,2754,2768,2858,2776,2768
179,2723,2687,2720,2716,2840,2700,2736,2723,2717,2690,2682,2680,2687,2694,2721,2716,2695,2726,2699,2703,2702,2690,2696,2710,2687,2683,2695,2715,3826,2697,2711,2693,2761,2721,2696,2731,2724,2720,2732,2720,2733,2694,2679,2685,2700,2681,2695,2795,2697,2696
180,2751,2715,2741,2745,2910,2724,2755,2747,2742,2714,2707,2704,2712,2715,2752,2741,2721,2754,2722,2723,2722,2719,2721,2738,2709,2710,2718,2738,3838,2727,2736,2721,2821,2748,2719,2755,2745,2732,2763,2745,2761,2722,2700,2710,2722,2707,2727,2828,2719,2720
181,2820,2782,2810,2814,2998,2790,2824,2817,2804,2782,2778,2775,2783,2791,2818,2812,2792,2823,2788,2795,2787,2791,2800,2803,2782,2782,2790,2810,3911,2795,2806,2790,2918,2822,2789,2822,2816,2797,2834,2817,2829,2793,2772,2777,2792,2784,2797,2890,2791,2789
182,2931,2898,2920,2919,3124,2904,2929,2927,2915,2894,2890,2893,2897,2902,2923,2921,2907,2935,2902,2900,2902,2905,2913,2915,2895,2894,2899,2922,4018,2915,2917,2901,3050,2939,2906,2928,2926,2912,2945,2928,2938,2902,2892,2889,2904,2900,2918,2997,2905,2909
183,2802,2765,2793,2798,3040,2769,2802,2801,2785,2761,2766,2760,2769,2767,2797,2793,2776,2803,2765,2771,2773,2769,2789,2787,2767,2760,2767,2793,3908,2784,2791,2771,2970,2812,2775,2799,2800,2780,2827,2801,2811,2771,2756,2753,2773,2770,2788,2871,2776,2774
184,2783,2752,2773,2791,3047,2754,2777,2782,2768,2746,2740,2736,2751,2747,2778,2775,2759,2783,2743,2752,2758,2756,2773,2768,2755,2744,2748,2775,3893,2765,2772,2756,2988,2791,2759,2781,2783,2765,2815,2785,2796,2753,2739,2736,2754,2752,2776,2850,2761,2758
185,2761,2737,2752,2783,3038,2733,2756,2764,2750,2727,2727,2717,2729,2730,2760,2759,2733,2763,2732,2733,2738,2739,2754,2749,2734,2725,2729,2752,3809,2749,2751,2739,2997,2768,2741,2762,2765,2752,2800,2761,2776,2728,2720,2722,2732,2735,2757,2827,2742,2737
186,2835,2811,2822,2876,3096,2805,2827,2835,2823,2799,2800,2785,2803,2802,2833,2832,2804,2828,2800,2811,2815,2813,2823,2821,2806,2797,2801,2821,3953,2820,2817,2814,3074,2841,2812,2834,2839,2827,2868,2835,2847,2798,2794,2793,2801,2804,2831,2892,2814,2807
187,2727,2701,2716,2796,3009,2696,2727,2728,2714,2690,2697,2684,2696,2689,2727,2722,2696,2718,2694,2704,2708,2705,2712,2718,2695,2688,2692,2707,3824,2714,2709,2706,3005,2735,2707,2727,2736,2720,2767,2730,2742,2699,2688,2683,2694,2696,2721,2792,2705,2699
188,2884,2855,2871,2974,3122,2854,2877,2880,2867,2851,2853,2841,2850,2846,2881,2877,2851,2869,2847,2862,2865,2863,2863,2874,2855,2847,2850,2860,4018,2870,2865,2861,3135,2892,2863,2885,2891,2877,2921,2886,2893,2855,2848,2838,2846,2855,2874,2942,2861,2862
189,2805,2781,2798,2942,3043,2772,2796,2801,2793,2772,2774,2761,2781,2769,2803,2803,2779,2792,2772,2787,2784,2785,2789,2801,2776,2772,2772,2782,3970,2792,2786,2781,3071,2811,2783,2806,2815,2793,2850,2813,2815,2781,2766,2764,2768,2781,2792,2875,2786,2793
190,2924,2893,2910,3075,3116,2891,2908,2918,2903,2889,2892,2877,2893,2887,2921,2922,2901,2906,2891,2901,2896,2900,2905,2915,2889,2888,2890,2893,4018,2910,2900,2904,3155,2918,2893,2918,2930,2899,2957,2924,2928,2896,2884,2886,2884,2894,2906,2986,2903,2909
191,2756,2724,2744,2957,2963,2726,2742,2750,2733,2721,2729,2706,2729,2722,2763,2760,2736,2745,2727,2731,2727,2734,2735,2751,2718,2721,2724,2721,3834,2746,2733,2736,3009,2754,2728,2754,2766,2727,2799,2761,2762,2734,2713,2715,2712,2726,2734,2831,2736,2744
192,2771,2741,2757,2999,2952,2732,2757,2761,2739,2731,2747,2718,2741,2732,2776,2776,2752,2757,2738,2738,2734,2751,2752,2767,2732,2739,2737,2735,3850,2765,2742,2752,3000,2770,2743,2764,2778,2741,2815,2777,2777,2751,2728,2722,2727,2740,2767,2843,2750,2760
193,2805,2773,2793,3042,2962,2763,2791,2793,2776,2763,2789,2756,2781,2766,2809,2811,2794,2794,2772,2768,2768,2788,2786,2796,2768,2775,2772,2775,3859,2801,2779,2784,3009,2806,2781,2796,2817,2777,2848,2812,2807,2785,2767,2759,2765,2780,2823,2871,2790,2799
194,2837,2806,2822,3069,2973,2795,2818,2823,2801,2794,2822,2785,2809,2795,2839,2840,2832,2823,2799,2794,2793,2815,2816,2833,2805,2807,2802,2805,3945,2832,2809,2817,3017,2836,2814,2822,2844,2807,2879,2845,2829,2814,2794,2790,2794,2809,2877,2897,2819,2829
195,2870,2846,2852,3102,2990,2825,2846,2851,2833,2823,2857,2822,2843,2827,2868,2867,2864,2849,2833,2825,2828,2853,2843,2866,2836,2839,2838,2838,3975,2867,2840,2851,3029,2867,2851,2854,2874,2840,2918,2875,2864,2846,2828,2819,2828,2844,2933,2927,2853,2860
196,2861,2836,2844,3088,2968,2814,2836,2842,2819,2817,2848,2808,2831,2817,2859,2858,2854,2840,2818,2806,2816,2843,2836,2856,2828,2831,2828,2828,4018,2854,2831,2840,3007,2855,2839,2838,2867,2833,2908,2863,2850,2833,2820,2807,2814,2839,2954,2908,2844,2847
197,2764,2744,2745,3005,2866,2714,2740,2746,2704,2704,2753,2719,2739,2721,2766,2765,2760,2742,2722,2701,2723,2736,2731,2762,2722,2721,2736,2731,3793,2765,2734,2749,2908,2763,2746,2743,2771,2743,2822,2769,2757,2739,2731,2703,2718,2746,2907,2819,2754,2753
198,2741,2722,2720,2977,2829,2688,2713,2725,2689,2682,2729,2697,2714,2695,2740,2737,2735,2713,2699,2680,2707,2710,2709,2743,2698,2700,2714,2706,3750,2739,2709,2729,2872,2747,2725,2717,2744,2721,2801,2743,2733,2710,2705,2682,2691,2728,2918,2789,2735,2736
199,2761,2744,2740,2985,2840,2709,2730,2741,2708,2702,2751,2717,2730,2720,2760,2752,2757,2734,2716,2700,2724,2732,2731,2763,2721,2723,2735,2722,3787,2759,2723,2744,2877,2765,2749,2732,2772,2740,2830,2767,2749,2731,2732,2698,2709,2748,2964,2808,2759,2756
200,2812,2797,2796,3013,2880,2761,2782,2796,2762,2754,2804,2774,2783,2774,2814,2808,2812,2789,2772,2755,2782,2784,2783,2819,2773,2775,2790,2778,3859,2816,2781,2808,2911,2815,2797,2789,2824,2791,2880,2816,2802,2787,2785,2755,2759,2809,3032,2863,2815,2808
201,2837,2826,2825,3015,2893,2790,2806,2825,2785,2783,2832,2794,2806,2801,2841,2835,2836,2814,2799,2775,2807,2811,2806,2842,2798,2803,2816,2795,3916,2840,2800,2832,2926,2840,2818,2814,2851,2815,2903,2844,2831,2810,2815,2782,2789,2834,3069,2888,2844,2831
202,2792,2779,2773,2964,2845,2740,2765,2773,2744,2739,2787,2755,2769,2760,2798,2794,2793,2776,2756,2737,2762,2758,2763,2797,2742,2748,2773,2752,3831,2794,2752,2792,2879,2791,2777,2764,2806,2776,2868,2798,2778,2767,2767,2732,2745,2787,3044,2848,2804,2789
203,2771,2761,2758,2923,2815,2719,2749,2754,2777,2759,2770,2740,2751,2743,2776,2778,2777,2758,2743,2754,2743,2756,2742,2779,2740,2752,2761,2738,2973,2780,2731,2771,2845,2775,2762,2751,2790,2760,2849,2781,2765,2751,2748,2750,2732,2771,3033,2831,2789,2769
204,2777,2765,2765,2911,2807,2727,2750,2766,2789,2761,2781,2745,2760,2748,2782,2784,2784,2769,2752,2759,2745,2769,2754,2788,2744,2761,2764,2740,2992,2784,2741,2782,2841,2775,2766,2752,2793,2771,2859,2784,2767,2768,2753,2757,2736,2779,3036,2836,2799,2777
205,2831,2822,2820,2946,2851,2782,2805,2812,2838,2811,2835,2804,2814,2799,2836,2839,2845,2821,2807,2815,2791,2825,2810,2839,2803,2814,2816,2796,3035,2841,2792,2833,2881,2830,2824,2807,2846,2825,2904,2837,2821,2814,2806,2814,2793,2829,3076,2883,2854,2834
206,2781,2772,2766,2892,2797,2732,2754,2764,2787,2763,2786,2758,2767,2749,2791,2794,2791,2772,2759,2761,2736,2781,2759,2791,2755,2766,2765,2745,2998,2790,2740,2787,2822,2778,2772,2757,2800,2779,2857,2789,2770,2768,2757,2764,2743,2777,3027,2835,2808,2787
207,2796,2792,2782,2897,2805,2754,2772,2783,2806,2780,2807,2775,2788,2773,2805,2813,2812,2789,2775,2772,2753,2795,2780,2807,2774,2781,2783,2763,3021,2817,2759,2802,2830,2796,2794,2769,2818,2798,2870,2804,2790,2785,2775,2783,2760,2795,3028,2848,2831,2804
208,2795,2793,2783,2884,2795,2750,2766,2776,2803,2779,2809,2774,2782,2769,2806,2810,2807,2778,2770,2775,2752,2794,2774,2806,2767,2783,2788,2768,3034,2813,2759,2805,2822,2795,2792,2772,2818,2793,2866,2804,2788,2781,2772,2777,2757,2794,3010,2839,2833,2808
209,2810,2802,2786,2871,2804,2752,2765,2778,2809,2778,2808,2781,2779,2768,2803,2808,2808,2777,2769,2776,2751,2795,2779,2810,2775,2783,2787,2766,3031,2817,2761,2806,2815,2798,2800,2769,2817,2788,2860,2796,2785,2781,2769,2780,2762,2797,2988,2845,2833,2813
210,2769,2770,2753,2821,2773,2712,2719,2732,2765,2734,2765,2745,2737,2727,2760,2767,2771,2735,2728,2743,2714,2754,2736,2765,2732,2744,2748,2723,3011,2777,2717,2762,2775,2758,2760,2731,2772,2745,2822,2757,2739,2738,2737,2737,2718,2759,2946,2800,2795,2776
211,2825,2832,2825,2862,2835,2773,2777,2792,2818,2789,2821,2799,2790,2786,2816,2818,2824,2791,2787,2800,2775,2809,2788,2818,2792,2799,2807,2781,3058,2831,2769,2819,2832,2815,2812,2787,2827,2805,2873,2820,2791,2794,2792,2791,2777,2814,2978,2860,2850,2827
212,2905,2920,2924,2927,2917,2855,2857,2873,2896,2873,2901,2885,2873,2869,2893,2894,2900,2869,2870,2885,2862,2884,2869,2892,2869,2879,2885,2857,3126,2911,2849,2896,2908,2887,2891,2869,2903,2887,2950,2897,2872,2877,2872,2871,2856,2893,3034,2936,2932,2908
213,2892,2909,2937,2910,2903,2842,2851,2865,2883,2857,2886,2873,2861,2862,2877,2879,2887,2858,2860,2870,2853,2876,2858,2877,2859,2872,2879,2845,3113,2902,2840,2884,2896,2880,2878,2858,2886,2877,2933,2889,2858,2866,2862,2867,2842,2881,3007,2925,2922,2895
214,2831,2859,2915,2838,2840,2782,2793,2805,2828,2799,2833,2815,2804,2796,2812,2820,2828,2797,2804,2814,2793,2811,2803,2817,2791,2807,2819,2784,3066,2842,2777,2826,2834,2815,2818,2794,2827,2820,2877,2830,2796,2808,2805,2803,2785,2825,2944,2872,2872,2839
215,2844,2870,2965,2845,2844,2794,2805,2818,2839,2805,2845,2827,2822,2810,2823,2828,2840,2811,2816,2821,2810,2827,2811,2827,2806,2824,2833,2801,3085,2851,2794,2837,2840,2829,2832,2806,2834,2828,2888,2846,2811,2826,2817,2818,2798,2840,2945,2883,2887,2849
216,2724,2760,2894,2722,2714,2682,2684,2697,2717,2686,2728,2709,2708,2696,2698,2712,2720,2693,2701,2697,2691,2706,2693,2707,2685,2704,2713,2681,2999,2733,2675,2720,2723,2701,2714,2685,2714,2712,2771,2722,2687,2712,2698,2697,2687,2726,2818,2764,2771,2730
217,2843,2878,3021,2848,2826,2805,2808,2816,2831,2805,2848,2831,2829,2820,2825,2833,2840,2812,2820,2821,2810,2827,2811,2829,2803,2823,2834,2798,3096,2853,2793,2843,2846,2814,2836,2800,2832,2838,2878,2844,2808,2829,2821,2819,2807,2846,2912,2885,2892,2848
218,2909,2947,3107,2919,2887,2866,2876,2878,2901,2863,2912,2897,2894,2898,2886,2894,2900,2875,2889,2879,2873,2895,2876,2892,2878,2893,2896,2867,3148,2915,2857,2907,2908,2879,2895,2867,2895,2898,2934,2907,2869,2895,2884,2877,2875,2907,2954,2939,2955,2906
219,2717,2768,2965,2735,2687,2676,2682,2687,2711,2670,2727,2708,2707,2724,2691,2705,2712,2686,2704,2686,2677,2711,2685,2703,2684,2701,2707,2672,2999,2725,2666,2717,2712,2690,2711,2672,2705,2708,2746,2713,2678,2712,2696,2691,2684,2717,2760,2750,2775,2714
220,2784,2837,3029,2797,2749,2741,2747,2744,2775,2730,2795,2774,2770,2809,2760,2768,2782,2750,2766,2748,2738,2780,2750,2766,2756,2769,2769,2738,3058,2792,2731,2791,2771,2758,2772,2733,2771,2773,2817,2776,2746,2774,2767,2756,2746,2782,2814,2811,2838,2783
221,2750,2808,3000,2761,2729,2711,2716,2716,2740,2700,2761,2747,2739,2813,2726,2732,2753,2720,2729,2718,2706,2749,2716,2736,2730,2738,2739,2708,3026,2763,2701,2763,2734,2726,2742,2701,2743,2742,2793,2737,2710,2741,2736,2725,2717,2749,2777,2775,2805,2752
222,2884,2940,3115,2880,2862,2841,2845,2843,2865,2836,2894,2880,2869,2979,2857,2860,2884,2852,2859,2856,2841,2883,2846,2869,2858,2871,2868,2844,3141,2896,2831,2902,2859,2857,2873,2836,2873,2872,2921,2864,2839,2871,2866,2856,2848,2882,2904,2901,2931,2882
223,2832,2894,3056,2821,2805,2785,2790,2788,2814,2785,2840,2830,2809,2965,2800,2805,2834,2796,2800,2803,2790,2827,2792,2807,2810,2816,2808,2790,3111,2847,2776,2855,2804,2801,2815,2778,2821,2821,2865,2805,2784,2816,2812,2801,2793,2828,2853,2842,2879,2831
224,2886,2946,3075,2864,2860,2838,2844,2841,2866,2837,2890,2878,2862,3045,2855,2854,2884,2844,2853,2860,2844,2876,2846,2861,2864,2872,2859,2848,3148,2902,2833,2909,2854,2860,2864,2835,2864,2872,2906,2852,2836,2873,2867,2859,2850,2882,2899,2892,2928,2881
225,2782,2852,2973,2758,2760,2738,2745,2745,2763,2735,2794,2784,2765,2992,2754,2751,2785,2745,2750,2763,2747,2780,2748,2759,2762,2770,2761,2748,3069,2806,2738,2815,2760,2760,2766,2732,2764,2775,2814,2756,2738,2776,2771,2759,2753,2785,2797,2794,2835,2785
226,2857,2923,3019,2829,2842,2819,2819,2827,2829,2811,2865,2856,2843,3074,2826,2820,2860,2821,2830,2839,2826,2848,2825,2834,2834,2851,2836,2825,3140,2876,2815,2892,2835,2834,2838,2810,2837,2853,2889,2830,2804,2850,2849,2835,2831,2865,2871,2860,2902,2859
227,2801,2878,2960,2770,2787,2761,2768,2769,2773,2755,2810,2801,2786,3041,2766,2765,2806,2768,2772,2788,2776,2795,2764,2781,2781,2809,2778,2770,3109,2825,2757,2843,2779,2773,2781,2751,2780,2802,2838,2773,2752,2791,2795,2775,2778,2812,2813,2808,2848,2800
228,2914,2980,3038,2888,2891,2873,2883,2881,2893,2871,2920,2909,2897,3139,2876,2877,2908,2881,2888,2893,2887,2904,2876,2888,2888,2930,2874,2881,3204,2935,2871,2949,2892,2880,2894,2867,2883,2909,2941,2882,2868,2896,2907,2890,2888,2921,2914,2918,2949,2904
229,2819,2892,2935,2794,2795,2784,2793,2789,2800,2774,2827,2815,2806,3060,2781,2784,2814,2786,2792,2802,2795,2818,2787,2795,2796,2862,2792,2788,3131,2843,2773,2864,2800,2784,2799,2773,2790,2816,2851,2786,2775,2804,2818,2799,2799,2827,2815,2826,2869,2809
230,2818,2887,2920,2790,2791,2785,2794,2787,2798,2767,2828,2818,2808,3054,2785,2787,2809,2788,2795,2800,2798,2824,2790,2797,2796,2888,2791,2790,3141,2840,2776,2867,2800,2786,2796,2772,2790,2818,2852,2783,2775,2807,2818,2796,2797,2827,2815,2825,2873,2803
231,2816,2881,2901,2786,2785,2787,2791,2781,2790,2766,2820,2815,2807,3032,2777,2782,2807,2781,2788,2795,2797,2818,2781,2794,2797,2918,2782,2786,3140,2837,2774,2869,2796,2780,2796,2771,2789,2812,2844,2778,2771,2805,2810,2793,2793,2821,2804,2815,2875,2800
232,2860,2929,2924,2830,2831,2831,2833,2826,2836,2810,2863,2859,2847,3056,2823,2833,2853,2828,2839,2840,2838,2869,2825,2840,2846,2994,2830,2835,3192,2885,2819,2913,2835,2825,2847,2821,2835,2857,2886,2822,2820,2844,2851,2837,2840,2858,2843,2863,2913,2841
233,2745,2832,2799,2713,2710,2717,2718,2708,2722,2695,2750,2745,2731,2944,2712,2716,2735,2711,2720,2725,2722,2757,2707,2724,2732,2926,2716,2713,3093,2775,2697,2807,2715,2704,2729,2706,2714,2745,2768,2705,2704,2730,2737,2721,2722,2740,2722,2746,2799,2732
234,2827,2914,2867,2792,2790,2797,2801,2788,2808,2779,2830,2829,2809,2996,2792,2797,2818,2792,2807,2806,2802,2846,2796,2804,2826,3027,2802,2795,3180,2860,2780,2888,2792,2789,2808,2793,2797,2827,2843,2783,2788,2810,2819,2802,2806,2817,2796,2829,2871,2815
235,2747,2840,2780,2711,2709,2718,2726,2709,2730,2701,2748,2753,2730,2912,2713,2719,2744,2714,2731,2729,2726,2776,2721,2727,2750,2990,2725,2711,3124,2784,2703,2816,2714,2714,2728,2717,2716,2745,2763,2704,2707,2733,2737,2731,2731,2733,2711,2752,2791,2738
236,2860,2942,2881,2824,2829,2837,2835,2824,2852,2812,2860,2869,2845,2989,2824,2827,2856,2827,2841,2843,2843,2890,2834,2839,2864,3099,2839,2834,3231,2902,2824,2920,2834,2830,2843,2828,2827,2861,2876,2818,2818,2851,2846,2841,2844,2844,2825,2860,2896,2854
237,2854,2933,2866,2818,2825,2829,2832,2817,2852,2807,2851,2863,2839,2970,2817,2818,2849,2821,2832,2842,2839,2883,2824,2828,2863,3105,2836,2827,3240,2896,2814,2913,2825,2821,2832,2822,2823,2851,2870,2813,2812,2836,2843,2838,2837,2833,2817,2851,2889,2850
238,2817,2901,2819,2781,2787,2789,2793,2782,2841,2769,2811,2825,2797,2921,2776,2780,2809,2783,2795,2801,2801,2846,2782,2787,2825,3074,2792,2792,3237,2862,2777,2873,2797,2778,2794,2783,2778,2815,2826,2774,2772,2795,2800,2794,2798,2797,2780,2811,2851,2808
239,2707,2797,2704,2673,2681,2688,2686,2674,2775,2662,2699,2718,2686,2812,2671,2672,2696,2672,2692,2698,2697,2749,2679,2680,2718,2981,2686,2690,3174,2763,2673,2769,2697,2667,2688,2675,2665,2708,2717,2670,2666,2694,2698,2691,2694,2692,2676,2707,2755,2696
240,2743,2829,2726,2703,2709,2721,2726,2711,2846,2697,2731,2752,2721,2822,2704,2699,2724,2704,2727,2732,2741,2786,2717,2713,2745,3001,2717,2726,3250,2793,2706,2808,2720,2705,2725,2705,2697,2742,2751,2698,2701,2726,2728,2719,2725,2728,2710,2735,2795,2726
241,2899,2973,2874,2859,2865,2881,2883,2870,3019,2855,2886,2902,2883,2955,2855,2858,2879,2857,2883,2886,2895,2938,2871,2869,2902,3120,2877,2880,3449,2940,2867,2962,2877,2860,2880,2863,2853,2895,2909,2858,2859,2880,2889,2876,2885,2887,2864,2896,2947,2881
242,2985,3056,2956,2944,2950,2965,2966,2953,3124,2937,2970,2984,2968,3021,2935,2941,2959,2938,2969,2971,2980,3018,2953,2954,2984,3182,2960,2967,3674,3016,2952,3042,2959,2940,2962,2950,2936,2974,2990,2939,2946,2960,2965,2956,2969,2970,2951,2977,3025,2962
243,2749,2843,2724,2707,2710,2732,2734,2722,2950,2702,2734,2756,2736,2793,2699,2704,2728,2700,2742,2735,2752,2804,2716,2721,2758,2960,2725,2730,3637,2794,2716,2827,2714,2700,2732,2717,2702,2740,2759,2705,2712,2729,2737,2722,2737,2737,2709,2746,2807,2723
244,2818,2908,2795,2773,2781,2804,2807,2786,3027,2771,2799,2824,2806,2850,2763,2779,2793,2775,2809,2803,2821,2875,2787,2784,2829,2997,2797,2798,4018,2852,2785,2893,2783,2768,2801,2790,2769,2810,2820,2771,2784,2797,2806,2793,2805,2805,2777,2818,2871,2788
245,2658,2747,2639,2619,2615,2648,2651,2630,2907,2616,2642,2665,2648,2679,2606,2621,2634,2620,2649,2647,2659,2725,2631,2627,2674,2838,2640,2635,3904,2693,2633,2735,2626,2612,2642,2632,2616,2648,2662,2614,2629,2644,2649,2639,2649,2640,2617,2655,2711,2631
246,2790,2873,2779,2749,2749,2783,2783,2759,3023,2749,2774,2799,2782,2804,2736,2753,2768,2752,2779,2783,2790,2862,2760,2757,2809,2940,2779,2770,4018,2838,2762,2864,2762,2748,2779,2765,2745,2782,2799,2745,2762,2779,2783,2776,2781,2772,2746,2786,2839,2762
247,2752,2835,2747,2713,2712,2747,2746,2727,2988,2712,2738,2760,2741,2761,2697,2719,2731,2726,2737,2748,2749,2829,2725,2717,2779,2894,2747,2730,4018,2810,2735,2827,2728,2706,2738,2727,2718,2745,2759,2708,2722,2739,2742,2741,2744,2729,2710,2750,2797,2731
248,2818,2891,2809,2776,2778,2815,2809,2783,3034,2781,2794,2811,2804,2817,2752,2779,2798,2789,2792,2814,2799,2888,2787,2780,2844,2933,2811,2785,4018,2878,2800,2889,2790,2758,2801,2781,2777,2808,2817,2768,2786,2800,2807,2804,2798,2793,2767,2812,2851,2794
249,2878,2941,2859,2834,2837,2873,2871,2846,3074,2848,2851,2864,2860,2869,2806,2838,2852,2853,2850,2873,2857,2950,2849,2836,2904,2968,2874,2842,4018,2934,2858,2942,2845,2818,2852,2839,2836,2867,2871,2827,2844,2857,2860,2864,2852,2841,2828,2872,2899,2851
250,2884,2946,2858,2837,2848,2883,2877,2852,3064,2866,2859,2871,2864,2877,2813,2839,2860,2855,2853,2886,2856,2952,2854,2839,2912,2963,2878,2845,4018,2935,2868,2946,2848,2820,2858,2842,2833,2877,2874,2831,2852,2867,2867,2875,2859,2850,2835,2878,2910,2855
251,2801,2861,2771,2751,2765,2803,2800,2778,2977,2803,2777,2781,2787,2800,2726,2754,2774,2774,2764,2809,2774,2879,2774,2757,2834,2873,2799,2759,4018,2860,2786,2876,2766,2733,2772,2758,2752,2796,2793,2751,2770,2784,2790,2789,2773,2768,2757,2797,2830,2774
252,2706,2771,2673,2660,2679,2713,2705,2682,2878,2740,2688,2689,2690,2716,2633,2654,2687,2677,2675,2723,2682,2784,2681,2665,2741,2770,2708,2668,4018,2757,2699,2782,2673,2638,2676,2660,2656,2700,2697,2655,2675,2688,2695,2690,2674,2674,2664,2701,2743,2679
253,2827,2887,2790,2777,2794,2823,2824,2804,2958,2895,2800,2799,2814,2838,2752,2774,2795,2795,2791,2842,2795,2891,2798,2784,2856,2869,2822,2778,4018,2868,2817,2896,2789,2760,2797,2776,2772,2815,2814,2773,2799,2800,2815,2803,2787,2798,2784,2821,2858,2794
254,2791,2854,2759,2744,2754,2793,2791,2773,2910,2899,2769,2773,2781,2803,2752,2743,2760,2759,2783,2817,2776,2862,2766,2749,2823,2818,2784,2751,4018,2837,2781,2861,2757,2763,2765,2757,2740,2779,2771,2740,2767,2771,2776,2765,2764,2762,2751,2784,2822,2752
255,2798,2858,2762,2748,2761,2800,2804,2780,2901,2925,2764,2775,2784,2798,2762,2745,2763,2765,2791,2821,2774,2862,2766,2751,2829,2816,2790,2754,4018,2842,2789,2865,2762,2761,2763,2761,2742,2784,2779,2745,2777,2776,2781,2772,2767,2765,2759,2783,2823,2752
